Crop,Earliest Planting Date
Trigo,November
Cebada,November
Avena,November
Triticale,November
Maiz,April next year
Girasol,April next year
Colza,September
Guisante,February next year
Remolacha,March next year
Remolacha Conviso,March next year
Alfalfa,March next year
Soja,March next year
Sorgo,May next year
Patata,March next year
Judia Verde,May next year
Alubia,May next year
Alubias,May next year
Garbanzo,February next year
Veza,November
Pradera,November
Ryegrass,November
Habas,November
Algodon,April next year
Brocoli,October
Col,October
Zanahoria,April next year
Lechuga,May next year
Espinaca,November
Tomate,March next year
Tomate de industria,March next year
Cebolla,March next year
Ajo,October
Tabaco,April next year
